"AND";"L";"LAC";"R";22.9643;35.1682;22.9562;53.168
"AND";"B";"CAS";"A";22.9562;53.168;23.4302;53.187
"AND";"R";"CAS";"L";23.4302;53.187;23.431;50.687
"AND";"B";"CAS";"A";23.431;50.687;23.6847;50.6929
"AND";"R";"CAS";"L";23.6847;50.6929;23.6851;48.6929
"AND";"B";"CAS";"A";23.6851;48.6929;0.276424;48.6949
"AND";"R";"CAS";"L";0.276424;48.6949;0.276219;46.6949
"AND";"B";"CAS";"A";0.276219;46.6949;0.985072;46.6758
"AND";"L";"CAS";"R";0.985072;46.6758;0.985924;48.6757
"AND";"B";"CAS";"A";0.985924;48.6757;1.23923;48.6633
"AND";"L";"CAS";"R";1.23923;48.6633;1.24039;50.6632
"AND";"B";"CAS";"A";1.24039;50.6632;1.49386;50.6479
"AND";"B";"PER";"A";1.49386;50.6479;1.7979;50.6257
"AND";"R";"PER";"L";1.7979;50.6257;1.79543;47.6258
"AND";"B";"PER";"A";1.79543;47.6258;2.17477;47.5928
"AND";"L";"PER";"R";2.17477;47.5928;2.17825;51.0926
"AND";"B";"PER";"A";2.17825;51.0926;2.65903;51.0424
"AND";"R";"PER";"L";2.65903;51.0424;2.64529;37.2932
"AND";"A";"TRI";"B";2.64529;37.2932;2.12474;37.3471
"AND";"R";"TRI";"L";2.12474;37.3471;2.12362;35.5971
"AND";"A";"TRI";"B";2.12362;35.5971;1.52739;35.6453
"AND";"R";"TRI";"L";1.52739;35.6453;1.52649;33.6454
"AND";"A";"PSC";"B";1.52649;33.6454;0.829538;33.6819
"AND";"R";"PSC";"L";0.829538;33.6819;0.827566;24.4319
"AND";"B";"PSC";"A";0.827566;24.4319;0.961604;24.4266
"AND";"R";"PSC";"L";0.961604;24.4266;0.960988;21.6766
"AND";"A";"PSC";"B";0.960988;21.6766;0.249328;21.6952
"AND";"L";"PEG";"R";0.249328;21.6952;0.249376;22.6952
"AND";"A";"PEG";"B";0.249376;22.6952;0.174001;22.6958
"AND";"L";"PEG";"R";0.174001;22.6958;0.174189;28.6958
"AND";"A";"PEG";"B";0.174189;28.6958;0.107081;28.696
"AND";"L";"PEG";"R";0.107081;28.696;0.107132;32.0294
"AND";"A";"PEG";"B";0.107132;32.0294;23.8552;32.0285
"AND";"L";"PEG";"R";23.8552;32.0285;23.8552;32.7785
"AND";"A";"PEG";"B";23.8552;32.7785;23.6033;32.7747
"AND";"L";"PEG";"R";23.6033;32.7747;23.6029;35.1913
"ANT";"L";"PYX";"R";9.46029;-24.5425;9.45144;-37.292
"ANT";"L";"VEL";"R";9.45144;-37.292;9.44894;-40.2919
"ANT";"A";"VEL";"B";9.44894;-40.2919;11.0971;-40.4246
"ANT";"R";"CEN";"L";11.0971;-40.4246;11.0986;-35.6747
"ANT";"B";"HYA";"A";11.0986;-35.6747;10.9306;-35.6665
"ANT";"R";"HYA";"L";10.9306;-35.6665;10.9319;-31.8332
"ANT";"B";"HYA";"A";10.9319;-31.8332;10.6801;-31.8186
"ANT";"R";"HYA";"L";10.6801;-31.8186;10.6809;-29.8186
"ANT";"B";"HYA";"A";10.6809;-29.8186;10.3454;-29.7948
"ANT";"R";"HYA";"L";10.3454;-29.7948;10.3466;-27.1282
"ANT";"B";"HYA";"A";10.3466;-27.1282;9.84395;-27.0835
"ANT";"R";"HYA";"L";9.84395;-27.0835;9.84531;-24.5836
"APS";"A";"OCT";"B";13.9407;-83.1201;18.4577;-82.4583
"APS";"R";"OCT";"L";18.4577;-82.4583;18.2797;-74.9745
"APS";"R";"PAV";"L";18.2797;-74.9745;18.2187;-67.4801
"APS";"B";"PAV";"A";18.2187;-67.4801;17.7184;-67.5711
"APS";"B";"ARA";"A";17.7184;-67.5711;17.2162;-67.6611
"APS";"L";"TRA";"R";17.2162;-67.6611;17.2314;-70.1597
"APS";"B";"TRA";"A";17.2314;-70.1597;14.9444;-70.5115
"APS";"B";"CIR";"A";14.9444;-70.5115;13.8307;-70.6244
"APS";"L";"MUS";"R";13.8307;-70.6244;13.8521;-75.6236
"AQR";"L";"AQL";"R";20.6399;0.436177;20.6387;2.43609
"AQR";"B";"DEL";"A";20.6387;2.43609;20.9387;2.47732
"AQR";"B";"EQU";"A";20.9387;2.47732;21.4389;2.53938
"AQR";"B";"PEG";"A";21.4389;2.53938;21.5723;2.55441
"AQR";"L";"PEG";"R";21.5723;2.55441;21.5719;3.30439
"AQR";"B";"PEG";"A";21.5719;3.30439;21.772;3.32567
"AQR";"R";"PEG";"L";21.772;3.32567;21.7725;2.32569
"AQR";"B";"PEG";"A";21.7725;2.32569;22.1059;2.35761
"AQR";"L";"PEG";"R";22.1059;2.35761;22.1058;2.60761
"AQR";"B";"PEG";"A";22.1058;2.60761;22.8561;2.66221
"AQR";"R";"PSC";"L";22.8561;2.66221;22.8566;0.662221
"AQR";"R";"PSC";"L";22.8566;0.662221;22.8577;-3.33775
"AQR";"B";"PSC";"A";22.8577;-3.33775;23.9401;-3.3042
"AQR";"R";"PSC";"L";23.9401;-3.3042;23.9402;-6.3042
"AQR";"R";"CET";"L";23.9402;-6.3042;23.9407;-24.8042
"AQR";"A";"SCL";"B";23.9407;-24.8042;23.1121;-24.825
"AQR";"A";"PSA";"B";23.1121;-24.825;21.9847;-24.904
"AQR";"L";"CAP";"R";21.9847;-24.904;21.9771;-8.4044
"AQR";"A";"CAP";"B";21.9771;-8.4044;21.4446;-8.46029
"AQR";"R";"CAP";"L";21.4446;-8.46029;21.4478;-14.4601
"AQR";"A";"CAP";"B";21.4478;-14.4601;20.6496;-14.5631
"AQR";"L";"CAP";"R";20.6496;-14.5631;20.6456;-8.56342
"AQL";"L";"SER";"R";18.69;0.115489;18.6884;2.11535
"AQL";"B";"SER";"A";18.6884;2.11535;18.9718;2.1659
"AQL";"L";"SER";"R";18.9718;2.1659;18.9684;6.41561
"AQL";"A";"SER";"B";18.9684;6.41561;18.7639;6.37919
"AQL";"L";"OPH";"R";18.7639;6.37919;18.7592;12.1288
"AQL";"B";"HER";"A";18.7592;12.1288;18.9638;12.1652
"AQL";"L";"HER";"R";18.9638;12.1652;18.9582;18.6647
"AQL";"B";"SGE";"A";18.9582;18.6647;19.0917;18.6882
"AQL";"R";"SGE";"L";19.0917;18.6882;19.0937;16.3551
"AQL";"B";"SGE";"A";19.0937;16.3551;19.9281;16.4957
"AQL";"R";"SGE";"L";19.9281;16.4957;19.9284;16.0791
"AQL";"B";"SGE";"A";19.9284;16.0791;20.2373;16.1275
"AQL";"R";"DEL";"L";20.2373;16.1275;20.2424;8.87791
"AQL";"B";"DEL";"A";20.2424;8.87791;20.4009;8.90182
"AQL";"R";"DEL";"L";20.4009;8.90182;20.4053;2.40215
"AQL";"B";"DEL";"A";20.4053;2.40215;20.6387;2.43609
"AQL";"R";"AQR";"L";20.6399;0.436177;20.6456;-8.56342
"AQL";"A";"CAP";"B";20.6456;-8.56342;20.1129;-8.64307
"AQL";"R";"CAP";"L";20.1129;-8.64307;20.1151;-11.6762
"AQL";"A";"SGR";"B";20.1151;-11.6762;18.9829;-11.8664
"AQL";"L";"SCT";"R";18.9829;-11.8664;18.9765;-3.83368
"AQL";"A";"SCT";"B";18.9765;-3.83368;18.6932;-3.88422
"ARA";"L";"NOR";"R";16.6023;-60.2645;16.5714;-45.7671
"ARA";"B";"SCO";"A";16.5714;-45.7671;17.9873;-45.5163
"ARA";"B";"CRA";"A";17.9873;-45.5163;18.1539;-45.486
"ARA";"R";"TEL";"L";18.1539;-45.486;18.1782;-56.9838
"ARA";"A";"PAV";"B";18.1782;-56.9838;17.6779;-57.0748
"ARA";"R";"PAV";"L";17.6779;-57.0748;17.7184;-67.5711
"ARA";"A";"TRA";"B";17.2162;-67.6611;17.0483;-67.6906
"ARA";"L";"TRA";"R";17.0483;-67.6906;17.0362;-65.1916
"ARA";"A";"TRA";"B";17.0362;-65.1916;16.9522;-65.2063
"ARA";"L";"TRA";"R";16.9522;-65.2063;16.9463;-63.7901
"ARA";"A";"TRA";"B";16.9463;-63.7901;16.7784;-63.819
"ARA";"L";"TRA";"R";16.7784;-63.819;16.7692;-61.2365
"ARA";"A";"TRA";"B";16.7692;-61.2365;16.6054;-61.2642
"ARI";"A";"PSC";"B";2.11102;10.5144;1.77705;10.5432
"ARI";"L";"PSC";"R";1.77705;10.5432;1.78298;25.6263
"ARI";"B";"TRI";"A";1.78298;25.6263;2.03425;25.6051
"ARI";"L";"TRI";"R";2.03425;25.6051;2.03537;27.855
"ARI";"B";"TRI";"A";2.03537;27.855;2.53801;27.8048
"ARI";"L";"TRI";"R";2.53801;27.8048;2.54021;31.2213
"ARI";"B";"TRI";"A";2.54021;31.2213;2.84189;31.1865
"ARI";"B";"PER";"A";2.84189;31.1865;3.49511;31.1004
"ARI";"R";"TAU";"L";3.49511;31.1004;3.48604;19.4343
"ARI";"A";"TAU";"B";3.48604;19.4343;3.40248;19.4461
"ARI";"R";"TAU";"L";3.40248;19.4461;3.39643;10.3632
"AUR";"L";"PER";"R";4.63246;30.9219;4.63826;36.2547
"AUR";"B";"PER";"A";4.63826;36.2547;4.83049;36.2219
"AUR";"L";"PER";"R";4.83049;36.2219;4.85602;52.7197
"AUR";"B";"CAM";"A";4.85602;52.7197;5.16565;52.6656
"AUR";"L";"CAM";"R";5.16565;52.6656;5.17378;56.1648
"AUR";"B";"CAM";"A";5.17378;56.1648;6.27541;55.9658
"AUR";"R";"LYN";"L";6.27541;55.9658;6.27049;53.9663
"AUR";"B";"LYN";"A";6.27049;53.9663;6.66973;53.8938
"AUR";"R";"LYN";"L";6.66973;53.8938;6.6613;49.8946
"AUR";"B";"LYN";"A";6.6613;49.8946;6.96042;49.841
"AUR";"R";"LYN";"L";6.96042;49.841;6.95102;44.3418
"AUR";"B";"LYN";"A";6.95102;44.3418;7.51561;44.2435
"AUR";"R";"LYN";"L";7.51561;44.2435;7.50405;35.2445
"AUR";"A";"GEM";"B";7.50405;35.2445;6.67269;35.3906
"AUR";"R";"GEM";"L";6.67269;35.3906;6.66438;27.8913
"AUR";"A";"GEM";"B";6.66438;27.8913;6.01474;28.0093
"AUR";"L";"TAU";"R";6.01474;28.0093;6.01526;28.5092
"AUR";"A";"TAU";"B";6.01526;28.5092;4.88083;28.7124
"AUR";"L";"TAU";"R";4.88083;28.7124;4.88236;30.2123
"AUR";"A";"TAU";"B";4.88236;30.2123;4.63179;30.2553
"BOO";"A";"VIR";"B";15.1854;7.52539;13.6043;7.36058
"BOO";"L";"VIR";"R";13.6043;7.36058;13.6019;14.3605
"BOO";"L";"COM";"R";13.6019;14.3605;13.5969;27.8603
"BOO";"B";"CVN";"A";13.5969;27.8603;14.0526;27.8976
"BOO";"L";"CVN";"R";14.0526;27.8976;14.0514;30.1476
"BOO";"B";"CVN";"A";14.0514;30.1476;14.1259;30.1545
"BOO";"L";"CVN";"R";14.1259;30.1545;14.1132;47.9039
"BOO";"L";"UMA";"R";14.1132;47.9039;14.1056;54.9036
"BOO";"B";"UMA";"A";14.1056;54.9036;14.4834;54.9422
"BOO";"B";"DRA";"A";14.4834;54.9422;15.3061;55.0449
"BOO";"R";"DRA";"L";15.3061;55.0449;15.3105;52.5452
"BOO";"B";"DRA";"A";15.3105;52.5452;15.8056;52.6175
"BOO";"R";"DRA";"L";15.8056;52.6175;15.8083;51.1177
"BOO";"R";"HER";"L";15.8083;51.1177;15.8244;39.6189
"BOO";"A";"CRB";"B";15.8244;39.6189;15.5096;39.5721
"BOO";"R";"CRB";"L";15.5096;39.5721;15.5165;32.5726
"BOO";"A";"CRB";"B";15.5165;32.5726;15.2677;32.5377
"BOO";"R";"CRB";"L";15.2677;32.5377;15.2733;25.5381
"BOO";"A";"SER";"B";15.2733;25.5381;15.1737;25.5246
"CAE";"L";"HOR";"R";4.33843;-39.7007;4.32549;-48.6997
"CAE";"A";"DOR";"B";4.32549;-48.6997;4.55748;-48.7384
"CAE";"R";"PIC";"L";4.55748;-48.7384;4.56161;-46.2388
"CAE";"A";"PIC";"B";4.56161;-46.2388;4.89347;-46.2959
"CAE";"R";"PIC";"L";4.89347;-46.2959;4.89883;-42.7964
"CAE";"A";"PIC";"B";4.89883;-42.7964;5.06496;-42.8256
"CAE";"R";"COL";"L";5.06496;-42.8256;5.08366;-27.0772
"CAE";"B";"LEP";"A";5.08366;-27.0772;4.91729;-27.048
"CAE";"B";"ERI";"A";4.91729;-27.048;4.78422;-27.0249
"CAE";"L";"ERI";"R";4.78422;-27.0249;4.7815;-29.7746
"CAE";"B";"ERI";"A";4.7815;-29.7746;4.66511;-29.7547
"CAE";"L";"ERI";"R";4.66511;-29.7547;4.65749;-36.754
"CAE";"B";"ERI";"A";4.65749;-36.754;4.34199;-36.701
"CAM";"A";"PER";"B";4.85602;52.7197;3.48754;52.9366
"CAM";"L";"PER";"R";3.48754;52.9366;3.49213;55.4363
"CAM";"A";"PER";"B";3.49213;55.4363;3.3236;55.4596
"CAM";"L";"PER";"R";3.3236;55.4596;3.32757;57.4594
"CAM";"A";"PER";"B";3.32757;57.4594;3.26006;57.4685
"CAM";"L";"CAS";"R";3.26006;57.4685;3.29303;68.4663
"CAM";"B";"CAS";"A";3.29303;68.4663;3.6158;68.4214
"CAM";"L";"CAS";"R";3.6158;68.4214;3.68725;77.4163
"CAM";"B";"CEP";"A";3.68725;77.4163;3.78175;77.4026
"CAM";"L";"CEP";"R";3.78175;77.4026;3.83537;80.3987
"CAM";"B";"CEP";"A";3.83537;80.3987;5.36593;80.1479
"CAM";"L";"CEP";"R";5.36593;80.1479;5.63574;85.1239
"CAM";"B";"CEP";"A";5.63574;85.1239;8.53024;84.6104
"CAM";"L";"CEP";"R";8.53024;84.6104;8.69352;86.0975
"CAM";"B";"UMI";"A";8.69352;86.0975;14.2015;85.9308
"CAM";"R";"UMI";"L";14.2015;85.9308;14.4522;79.445
"CAM";"A";"UMI";"B";14.4522;79.445;13.5873;79.3629
"CAM";"R";"UMI";"L";13.5873;79.3629;13.6105;76.3638
"CAM";"A";"UMI";"B";13.6105;76.3638;13.0547;76.3289
"CAM";"A";"DRA";"B";13.0547;76.3289;11.629;76.3084
"CAM";"L";"DRA";"R";11.629;76.3084;11.6354;79.3083
"CAM";"A";"DRA";"B";11.6354;79.3083;10.8546;79.3402
"CAM";"L";"DRA";"R";10.8546;79.3402;10.8737;81.3396
"CAM";"A";"DRA";"B";10.8737;81.3396;9.47941;81.4678
"CAM";"R";"DRA";"L";9.47941;81.4678;9.37436;72.9741
"CAM";"A";"UMA";"B";9.37436;72.9741;8.20575;73.1384
"CAM";"R";"UMA";"L";8.20575;73.1384;8.14194;59.6434
"CAM";"A";"LYN";"B";8.14194;59.6434;7.18355;59.8037
"CAM";"L";"LYN";"R";7.18355;59.8037;7.1901;61.8032
"CAM";"A";"LYN";"B";7.1901;61.8032;6.29383;61.9641
"CNC";"A";"HYA";"B";9.36028;6.47007;8.19476;6.63024
"CNC";"A";"CMI";"B";8.19476;6.63024;8.03656;6.65498
"CNC";"L";"CMI";"R";8.03656;6.65498;8.03871;9.65481
"CNC";"A";"CMI";"B";8.03871;9.65481;7.92217;9.67343
"CNC";"L";"CMI";"R";7.92217;9.67343;7.92477;13.1732
"CNC";"L";"GEM";"R";7.92477;13.1732;7.92984;19.6728
"CNC";"B";"GEM";"A";7.92984;19.6728;8.00467;19.6608
"CNC";"L";"GEM";"R";8.00467;19.6608;8.01144;27.6603
"CNC";"B";"GEM";"A";8.01144;27.6603;8.12773;27.6419
"CNC";"L";"GEM";"R";8.12773;27.6419;8.13288;33.1415
"CNC";"B";"LYN";"A";8.13288;33.1415;9.3764;32.9691
"CVN";"L";"UMA";"R";12.1063;33.304;12.1061;44.304
"CVN";"B";"UMA";"A";12.1061;44.304;12.1884;44.3043
"CVN";"L";"UMA";"R";12.1884;44.3043;12.1879;52.3043
"CVN";"B";"UMA";"A";12.1879;52.3043;13.5828;52.3598
"CVN";"R";"UMA";"L";13.5828;52.3598;13.5863;47.8599
"CVN";"B";"UMA";"A";13.5863;47.8599;14.1132;47.9039
"CVN";"A";"COM";"B";13.5969;27.8603;13.3484;27.8438
"CVN";"L";"COM";"R";13.3484;27.8438;13.3472;31.3437
"CVN";"A";"COM";"B";13.3472;31.3437;12.4372;31.3074
"CVN";"L";"COM";"R";12.4372;31.3074;12.4369;33.3074
"CMA";"B";"MON";"A";6.21438;-11.0302;7.46489;-11.2521
"CMA";"R";"PUP";"L";7.46489;-11.2521;7.44515;-33.2505
"CMA";"A";"PUP";"B";7.44515;-33.2505;6.66026;-33.1128
"CMA";"A";"COL";"B";6.66026;-33.1128;6.19327;-33.0282
"CMA";"L";"COL";"R";6.19327;-33.0282;6.1995;-27.2788
"CMI";"A";"MON";"B";8.18993;-0.36939;7.30664;-0.224329
"CMI";"L";"MON";"R";7.30664;-0.224329;7.3078;1.27557
"CMI";"A";"MON";"B";7.3078;1.27557;7.12449;1.30744
"CMI";"L";"MON";"R";7.12449;1.30744;7.12762;5.30717
"CMI";"A";"MON";"B";7.12762;5.30717;7.11096;5.31009
"CMI";"L";"MON";"R";7.11096;5.31009;7.11452;9.80978
"CMI";"L";"GEM";"R";7.11452;9.80978;7.11655;12.3096
"CMI";"B";"GEM";"A";7.11655;12.3096;7.61607;12.2239
"CMI";"L";"GEM";"R";7.61607;12.2239;7.61685;13.2238
"CMI";"B";"GEM";"A";7.61685;13.2238;7.92477;13.1732
"CAP";"L";"SGR";"R";20.1151;-11.6762;20.1277;-27.6419
"CAP";"A";"SGR";"B";20.1277;-27.6419;20.4599;-27.5913
"CAP";"A";"MIC";"B";20.4599;-27.5913;21.4554;-27.4597
"CAP";"R";"PSA";"L";21.4554;-27.4597;21.4538;-24.9598
"CAP";"A";"PSA";"B";21.4538;-24.9598;21.9847;-24.904
"CAR";"B";"CEN";"A";11.3437;-57.1843;11.0892;-57.1744
"CAR";"B";"VEL";"A";11.0892;-57.1744;8.88824;-56.974
"CAR";"R";"VEL";"L";8.88824;-56.974;8.89201;-54.9742
"CAR";"B";"VEL";"A";8.89201;-54.9742;8.50447;-54.9205
"CAR";"R";"VEL";"L";8.50447;-54.9205;8.50729;-53.4207
"CAR";"B";"VEL";"A";8.50729;-53.4207;8.22134;-53.3782
"CAR";"R";"VEL";"L";8.22134;-53.3782;8.22541;-51.1285
"CAR";"B";"VEL";"A";8.22541;-51.1285;8.05745;-51.1026
"CAR";"B";"PUP";"A";8.05745;-51.1026;6.04993;-50.7546
"CAR";"L";"PIC";"R";6.04993;-50.7546;6.04625;-52.5042
"CAR";"A";"PIC";"B";6.04625;-52.5042;6.21296;-52.5346
"CAR";"L";"PIC";"R";6.21296;-52.5346;6.20716;-55.034
"CAR";"A";"PIC";"B";6.20716;-55.034;6.54095;-55.0946
"CAR";"L";"PIC";"R";6.54095;-55.0946;6.53301;-58.0938
"CAR";"A";"PIC";"B";6.53301;-58.0938;6.86741;-58.1537
"CAR";"L";"PIC";"R";6.86741;-58.1537;6.84689;-64.1519
"CAR";"A";"VOL";"B";6.84689;-64.1519;9.07298;-64.499
"CAR";"L";"VOL";"R";9.07298;-64.499;9.01625;-75.4955
"CAR";"A";"CHA";"B";9.01625;-75.4955;11.3238;-75.684
"CAR";"R";"MUS";"L";11.3238;-75.684;11.339;-64.6843
"CAS";"L";"LAC";"R";22.9562;53.168;22.9536;56.918
"CAS";"L";"CEP";"R";22.9536;56.918;22.9513;59.7512
"CAS";"B";"CEP";"A";22.9513;59.7512;23.2573;59.7647
"CAS";"L";"CEP";"R";23.2573;59.7647;23.2544;63.6813
"CAS";"B";"CEP";"A";23.2544;63.6813;23.6812;63.6929
"CAS";"L";"CEP";"R";23.6812;63.6929;23.6799;66.6929
"CAS";"B";"CEP";"A";23.6799;66.6929;0.450918;66.6924
"CAS";"L";"CEP";"R";0.450918;66.6924;0.461528;77.6923
"CAS";"B";"CEP";"A";0.461528;77.6923;3.68725;77.4163
"CAS";"A";"PER";"B";3.26006;57.4685;2.58416;57.5513
"CAS";"L";"PER";"R";2.58416;57.5513;2.58682;59.0512
"CAS";"A";"PER";"B";2.58682;59.0512;2.05304;59.1046
"CAS";"R";"PER";"L";2.05304;59.1046;2.05157;58.1047
"CAS";"A";"PER";"B";2.05157;58.1047;1.83968;58.1227
"CAS";"R";"PER";"L";1.83968;58.1227;1.83558;54.6229
"CAS";"A";"PER";"B";1.83558;54.6229;1.49707;54.6478
"CAS";"R";"PER";"L";1.49707;54.6478;1.49386;50.6479
"CEN";"L";"VEL";"R";11.0971;-40.4246;11.0892;-57.1744
"CEN";"L";"CAR";"R";11.3437;-57.1843;11.339;-64.6843
"CEN";"A";"MUS";"B";11.339;-64.6843;11.9372;-64.6958
"CEN";"R";"CRU";"L";11.9372;-64.6958;11.9381;-55.6958
"CEN";"A";"CRU";"B";11.9381;-55.6958;12.9556;-55.6771
"CEN";"L";"CRU";"R";12.9556;-55.6771;12.9626;-64.677
"CEN";"A";"MUS";"B";12.9626;-64.677;13.6454;-64.6379
"CEN";"A";"CIR";"B";13.6454;-64.6379;14.701;-64.539
"CEN";"R";"CIR";"L";14.701;-64.539;14.6823;-55.5401
"CEN";"B";"LUP";"A";14.6823;-55.5401;14.3104;-55.5799
"CEN";"R";"LUP";"L";14.3104;-55.5799;14.2967;-42.5807
"CEN";"A";"LUP";"B";14.2967;-42.5807;15.0531;-42.4942
"CEN";"R";"LUP";"L";15.0531;-42.4942;15.0421;-29.9949
"CEN";"B";"HYA";"A";15.0421;-29.9949;12.6945;-30.1864
"CEN";"L";"HYA";"R";12.6945;-30.1864;12.6952;-33.6864
"CEN";"B";"HYA";"A";12.6952;-33.6864;12.3592;-33.6939
"CEN";"L";"HYA";"R";12.3592;-33.6939;12.3594;-35.6939
"CEP";"L";"DRA";"R";20.0382;59.8511;20.0324;61.8506
"CEP";"B";"DRA";"A";20.0324;61.8506;20.4541;61.9144
"CEP";"L";"DRA";"R";20.4541;61.9144;20.4345;67.413
"CEP";"B";"DRA";"A";20.4345;67.413;20.6889;67.449
"CEP";"L";"DRA";"R";20.6889;67.449;20.6382;75.4455
"CEP";"A";"DRA";"B";20.6382;75.4455;20.1249;75.3709
"CEP";"L";"DRA";"R";20.1249;75.3709;20.0449;80.3648
"CEP";"B";"DRA";"A";20.0449;80.3648;20.9137;80.4868
"CEP";"L";"DRA";"R";20.9137;80.4868;20.5814;86.4656
"CEP";"L";"UMI";"R";20.5814;86.4656;20.5554;86.6306
"CEP";"B";"UMI";"A";20.5554;86.6306;22.9007;86.8369
"CEP";"L";"UMI";"R";22.9007;86.8369;22.6174;88.6639
"CEP";"B";"UMI";"A";22.6174;88.6639;9.0555;87.5689
"CEP";"R";"UMI";"L";9.0555;87.5689;8.69352;86.0975
"CEP";"A";"LAC";"B";22.9536;56.918;22.3941;56.8826
"CEP";"R";"LAC";"L";22.3941;56.8826;22.3954;55.6326
"CEP";"A";"LAC";"B";22.3954;55.6326;22.2092;55.6178
"CEP";"R";"LAC";"L";22.2092;55.6178;22.2117;53.3679
"CEP";"A";"LAC";"B";22.2117;53.3679;22.0426;53.3533
"CEP";"L";"CYG";"R";22.0426;53.3533;22.0401;55.4365
"CEP";"A";"CYG";"B";22.0401;55.4365;20.6554;55.2753
"CEP";"L";"CYG";"R";20.6554;55.2753;20.6416;61.3577
"CEP";"A";"CYG";"B";20.6416;61.3577;20.5774;61.3486
"CEP";"R";"CYG";"L";20.5774;61.3486;20.5811;59.9322
"CET";"L";"PSC";"R";0.440089;0.69254;0.440253;2.69254
"CET";"B";"PSC";"A";0.440253;2.69254;2.10768;2.59788
"CET";"L";"PSC";"R";2.10768;2.59788;2.11102;10.5144
"CET";"B";"ARI";"A";2.11102;10.5144;3.39643;10.3632
"CET";"R";"TAU";"L";3.39643;10.3632;3.3902;0.446972
"CET";"R";"TAU";"L";3.3902;0.446972;3.38911;-1.30295
"CET";"A";"ERI";"B";3.38911;-1.30295;2.75595;-1.22103
"CET";"R";"ERI";"L";2.75595;-1.22103;2.74325;-23.8536
"CET";"A";"FOR";"B";2.74325;-23.8536;1.7644;-23.7563
"CET";"R";"FOR";"L";1.7644;-23.7563;1.76393;-24.8729
"CET";"A";"SCL";"B";1.76393;-24.8729;23.9407;-24.8042
"CET";"B";"PSC";"A";23.9402;-6.3042;0.439514;-6.30746
"CHA";"A";"OCT";"B";7.44347;-82.7759;13.9407;-83.1201
"CHA";"R";"APS";"L";13.9407;-83.1201;13.8521;-75.6236
"CHA";"B";"MUS";"A";13.8521;-75.6236;11.3238;-75.684
"CHA";"B";"VOL";"A";9.01625;-75.4955;7.61431;-75.2899
"CIR";"L";"MUS";"R";13.6454;-64.6379;13.6472;-65.6379
"CIR";"A";"MUS";"B";13.6472;-65.6379;13.8179;-65.6249
"CIR";"L";"MUS";"R";13.8179;-65.6249;13.8307;-70.6244
"CIR";"R";"TRA";"L";14.9444;-70.5115;14.9336;-68.0122
"CIR";"A";"TRA";"B";14.9336;-68.0122;15.1038;-67.9909
"CIR";"R";"TRA";"L";15.1038;-67.9909;15.0902;-64.0751
"CIR";"A";"TRA";"B";15.0902;-64.0751;15.3444;-64.0416
"CIR";"R";"TRA";"L";15.3444;-64.0416;15.337;-61.4588
"CIR";"A";"TRA";"B";15.337;-61.4588;15.506;-61.4353
"CIR";"R";"TRA";"L";15.506;-61.4353;15.5033;-60.4355
"CIR";"R";"NOR";"L";15.5033;-60.4355;15.4921;-55.4363
"CIR";"B";"NOR";"A";15.4921;-55.4363;15.2056;-55.4755
"CIR";"B";"LUP";"A";15.2056;-55.4755;14.6823;-55.5401
"COL";"B";"LEP";"A";5.08366;-27.0772;6.1995;-27.2788
"COL";"R";"PUP";"L";6.66026;-33.1128;6.64726;-43.1116
"COL";"A";"PUP";"B";6.64726;-43.1116;6.06345;-43.0058
"COM";"L";"LEO";"R";11.9736;13.3041;11.9739;28.3041
"COM";"B";"UMA";"A";11.9739;28.3041;12.1064;28.304
"COM";"L";"UMA";"R";12.1064;28.304;12.1063;33.304
"COM";"B";"CVN";"A";12.1063;33.304;12.4369;33.3074
"COM";"A";"VIR";"B";13.6019;14.3605;12.9373;14.3225
"COM";"R";"VIR";"L";12.9373;14.3225;12.9375;13.3225
"CRA";"B";"SGR";"A";17.975;-37.0175;19.3064;-36.7786
"CRA";"R";"SGR";"L";19.3064;-36.7786;19.318;-45.2776
"CRA";"A";"TEL";"B";19.318;-45.2776;18.1539;-45.486
"CRB";"B";"HER";"A";15.8244;39.6189;16.4048;39.7117
"CRB";"R";"HER";"L";16.4048;39.7117;16.4186;26.7129
"CRB";"A";"HER";"B";16.4186;26.7129;16.2525;26.6855
"CRB";"R";"HER";"L";16.2525;26.6855;16.2533;25.6856
"CRB";"A";"HER";"B";16.2533;25.6856;16.1204;25.6641
"CRV";"B";"VIR";"A";12.9422;-11.6774;11.9398;-11.6958
"CRV";"L";"CRT";"R";11.9398;-11.6958;11.9394;-25.1958
"CRV";"A";"HYA";"B";11.9394;-25.1958;12.6936;-25.1864
"CRV";"R";"HYA";"L";12.6936;-25.1864;12.6932;-22.6864
"CRV";"A";"HYA";"B";12.6932;-22.6864;12.9445;-22.6773
"CRT";"L";"SEX";"R";10.8551;-6.66218;10.8539;-11.6621
"CRT";"L";"HYA";"R";10.8539;-11.6621;10.8517;-19.6621
"CRT";"A";"HYA";"B";10.8517;-19.6621;10.9354;-19.6666
"CRT";"L";"HYA";"R";10.9354;-19.6666;10.9339;-25.1666
"CRT";"A";"HYA";"B";10.9339;-25.1666;11.9394;-25.1958
"CRT";"R";"VIR";"L";11.9398;-11.6958;11.9399;-6.6958
"CRT";"B";"VIR";"A";11.9399;-6.6958;11.6228;-6.69169
"CRU";"A";"MUS";"B";11.9372;-64.6958;12.9626;-64.677
"CYG";"L";"LYR";"R";19.3422;27.7324;19.3397;30.2322
"CYG";"B";"LYR";"A";19.3397;30.2322;19.4399;30.2493
"CYG";"L";"LYR";"R";19.4399;30.2493;19.4328;36.7487
"CYG";"B";"LYR";"A";19.4328;36.7487;19.4746;36.7558
"CYG";"L";"LYR";"R";19.4746;36.7558;19.4656;43.755
"CYG";"A";"LYR";"B";19.4656;43.755;19.2313;43.7149
"CYG";"L";"LYR";"R";19.2313;43.7149;19.225;47.7144
"CYG";"A";"LYR";"B";19.225;47.7144;19.1414;47.6999
"CYG";"L";"DRA";"R";19.1414;47.6999;19.1251;55.6984
"CYG";"B";"DRA";"A";19.1251;55.6984;19.4603;55.756
"CYG";"L";"DRA";"R";19.4603;55.756;19.454;58.2555
"CYG";"B";"DRA";"A";19.454;58.2555;19.8067;58.3139
"CYG";"L";"DRA";"R";19.8067;58.3139;19.8026;59.8135
"CYG";"B";"DRA";"A";19.8026;59.8135;20.0382;59.8511
"CYG";"B";"CEP";"A";20.0382;59.8511;20.5811;59.9322
"CYG";"R";"LAC";"L";22.0426;53.3533;22.0508;44.6036
"CYG";"A";"LAC";"B";22.0508;44.6036;21.9919;44.5983
"CYG";"R";"LAC";"L";21.9919;44.5983;21.9921;44.3483
"CYG";"A";"LAC";"B";21.9921;44.3483;21.9584;44.3451
"CYG";"R";"LAC";"L";21.9584;44.3451;21.9641;36.5954
"CYG";"A";"PEG";"B";21.9641;36.5954;21.8213;36.5816
"CYG";"R";"PEG";"L";21.8213;36.5816;21.8263;28.5818
"CYG";"A";"PEG";"B";21.8263;28.5818;21.508;28.548
"CYG";"A";"VUL";"B";21.508;28.548;21.0056;28.4872
"CYG";"L";"VUL";"R";21.0056;28.4872;21.0048;29.4871
"CYG";"A";"VUL";"B";21.0048;29.4871;19.7501;29.3011
"CYG";"R";"VUL";"L";19.7501;29.3011;19.7515;27.8012
"DEL";"B";"SGE";"A";20.2373;16.1275;20.3458;16.144
"DEL";"L";"SGE";"R";20.3458;16.144;20.3423;20.8937
"DEL";"B";"VUL";"A";20.3423;20.8937;20.6598;20.94
"DEL";"R";"VUL";"L";20.6598;20.94;20.6605;19.94
"DEL";"B";"VUL";"A";20.6605;19.94;21.1453;20.0046
"DEL";"R";"PEG";"L";21.1453;20.0046;21.1499;12.3383
"DEL";"A";"EQU";"B";21.1499;12.3383;20.9746;12.3158
"DEL";"R";"EQU";"L";20.9746;12.3158;20.9781;6.48266
"DEL";"A";"EQU";"B";20.9781;6.48266;20.9364;6.47716
"DEL";"R";"EQU";"L";20.9364;6.47716;20.9387;2.47732
"DOR";"A";"RET";"B";3.88792;-52.7968;4.05319;-52.8228
"DOR";"L";"RET";"R";4.05319;-52.8228;4.0462;-56.1556
"DOR";"A";"RET";"B";4.0462;-56.1556;4.3767;-56.2094
"DOR";"L";"RET";"R";4.3767;-56.2094;4.37031;-58.7089
"DOR";"A";"RET";"B";4.37031;-58.7089;4.6183;-58.7507
"DOR";"L";"RET";"R";4.6183;-58.7507;4.58627;-67.2479
"DOR";"L";"HYI";"R";4.58627;-67.2479;4.5721;-69.7467
"DOR";"A";"MEN";"B";4.5721;-69.7467;6.56363;-70.1041
"DOR";"R";"VOL";"L";6.56363;-70.1041;6.59582;-64.107
"DOR";"B";"PIC";"A";6.59582;-64.107;6.01158;-64.0011
"DOR";"R";"PIC";"L";6.01158;-64.0011;6.023;-61.0021
"DOR";"B";"PIC";"A";6.023;-61.0021;5.52384;-60.9113
"DOR";"R";"PIC";"L";5.52384;-60.9113;5.53459;-57.4123
"DOR";"B";"PIC";"A";5.53459;-57.4123;5.03652;-57.323
"DOR";"R";"PIC";"L";5.03652;-57.323;5.04514;-53.8238
"DOR";"B";"PIC";"A";5.04514;-53.8238;4.54785;-53.7376
"DOR";"R";"PIC";"L";4.54785;-53.7376;4.55748;-48.7384
"DOR";"B";"HOR";"A";4.32549;-48.6997;4.14333;-48.67
"DOR";"L";"HOR";"R";4.14333;-48.67;4.13991;-50.6697
"DOR";"B";"HOR";"A";4.13991;-50.6697;3.89181;-50.6305
"DRA";"R";"UMI";"L";13.0547;76.3289;13.0732;69.3294
"DRA";"B";"UMI";"A";13.0732;69.3294;14.0434;69.3991
"DRA";"R";"UMI";"L";14.0434;69.3991;14.0547;65.3997
"DRA";"B";"UMI";"A";14.0547;65.3997;15.6886;65.6023
"DRA";"L";"UMI";"R";15.6886;65.6023;15.67;69.6009
"DRA";"B";"UMI";"A";15.67;69.6009;16.5227;69.7383
"DRA";"L";"UMI";"R";16.5227;69.7383;16.4814;74.7348
"DRA";"B";"UMI";"A";16.4814;74.7348;17.4358;74.9033
"DRA";"L";"UMI";"R";17.4358;74.9033;17.3479;79.8953
"DRA";"B";"UMI";"A";17.3479;79.8953;17.8437;79.9857
"DRA";"L";"UMI";"R";17.8437;79.9857;17.4482;85.9496
"DRA";"B";"UMI";"A";17.4482;85.9496;20.5814;86.4656
"DRA";"A";"LYR";"B";19.1414;47.6999;18.2895;47.5476
"DRA";"L";"HER";"R";18.2895;47.5476;18.2838;50.5471
"DRA";"A";"HER";"B";18.2838;50.5471;17.0524;50.3244
"DRA";"L";"HER";"R";17.0524;50.3244;17.0505;51.3243
"DRA";"A";"HER";"B";17.0505;51.3243;15.8083;51.1177
"DRA";"L";"UMA";"R";14.4834;54.9422;14.4697;62.4415
"DRA";"A";"UMA";"B";14.4697;62.4415;13.5716;62.3594
"DRA";"L";"UMA";"R";13.5716;62.3594;13.57;63.3593
"DRA";"A";"UMA";"B";13.57;63.3593;12.1054;63.304
"DRA";"L";"UMA";"R";12.1054;63.304;12.1053;65.804
"DRA";"A";"UMA";"B";12.1053;65.804;11.4566;65.8126
"DRA";"L";"UMA";"R";11.4566;65.8126;11.4641;72.8125
"EQU";"B";"PEG";"A";21.1499;12.3383;21.2167;12.3465
"EQU";"L";"PEG";"R";21.2167;12.3465;21.2163;13.0132
"EQU";"B";"PEG";"A";21.2163;13.0132;21.4334;13.0391
"EQU";"R";"PEG";"L";21.4334;13.0391;21.4389;2.53938
"ERI";"B";"TAU";"A";3.69019;0.403726;4.72349;0.237501
"ERI";"B";"ORI";"A";4.72349;0.237501;4.77349;0.228916
"ERI";"R";"ORI";"L";4.77349;0.228916;4.77042;-3.77082
"ERI";"B";"ORI";"A";4.77042;-3.77082;5.18696;-3.84373
"ERI";"R";"ORI";"L";5.18696;-3.84373;5.18133;-10.8432
"ERI";"A";"LEP";"B";5.18133;-10.8432;5.01478;-10.8138
"ERI";"R";"LEP";"L";5.01478;-10.8138;5.01191;-14.3135
"ERI";"A";"LEP";"B";5.01191;-14.3135;4.92865;-14.299
"ERI";"R";"LEP";"L";4.92865;-14.299;4.91729;-27.048
"ERI";"R";"CAE";"L";4.34199;-36.701;4.33843;-39.7007
"ERI";"A";"HOR";"B";4.33843;-39.7007;3.94039;-39.6368
"ERI";"R";"HOR";"L";3.94039;-39.6368;3.93542;-43.6364
"ERI";"A";"HOR";"B";3.93542;-43.6364;3.48845;-43.5694
"ERI";"R";"HOR";"L";3.48845;-43.5694;3.48593;-45.5692
"ERI";"A";"HOR";"B";3.48593;-45.5692;3.07272;-45.5125
"ERI";"R";"HOR";"L";3.07272;-45.5125;3.06897;-48.5122
"ERI";"A";"HOR";"B";3.06897;-48.5122;2.73902;-48.471
"ERI";"R";"HOR";"L";2.73902;-48.471;2.73651;-50.4709
"ERI";"A";"HOR";"B";2.73651;-50.4709;2.48941;-50.4426
"ERI";"R";"HOR";"L";2.48941;-50.4426;2.48556;-53.4424
"ERI";"A";"HOR";"B";2.48556;-53.4424;2.23894;-53.4165
"ERI";"R";"HOR";"L";2.23894;-53.4165;2.23263;-57.9162
"ERI";"A";"HYI";"B";2.23263;-57.9162;1.41375;-57.8484
"ERI";"L";"PHE";"R";1.41375;-57.8484;1.41822;-52.8486
"ERI";"B";"PHE";"A";1.41822;-52.8486;1.66449;-52.8659
"ERI";"L";"PHE";"R";1.66449;-52.8659;1.66626;-50.8659
"ERI";"B";"PHE";"A";1.66626;-50.8659;1.91288;-50.8859
"ERI";"L";"PHE";"R";1.91288;-50.8859;1.91589;-47.5527
"ERI";"B";"PHE";"A";1.91589;-47.5527;2.4102;-47.6005
"ERI";"L";"PHE";"R";2.4102;-47.6005;2.4176;-39.4342
"ERI";"B";"FOR";"A";2.4176;-39.4342;3.07915;-39.5129
"ERI";"L";"FOR";"R";3.07915;-39.5129;3.07956;-39.0963
"ERI";"B";"FOR";"A";3.07956;-39.0963;3.57629;-39.1651
"ERI";"L";"FOR";"R";3.57629;-39.1651;3.57997;-35.582
"ERI";"B";"FOR";"A";3.57997;-35.582;3.8287;-35.6192
"ERI";"L";"FOR";"R";3.8287;-35.6192;3.83926;-24.0034
"ERI";"A";"FOR";"B";3.83926;-24.0034;2.74325;-23.8536
"ERI";"B";"TAU";"A";3.38911;-1.30295;3.68904;-1.34619
"FOR";"A";"PHE";"B";2.4176;-39.4342;1.75672;-39.3726
"FOR";"L";"SCL";"R";1.75672;-39.3726;1.76393;-24.8729
"GEM";"L";"ORI";"R";6.42485;11.9333;6.42959;17.4329
"GEM";"A";"ORI";"B";6.42959;17.4329;6.33797;17.4495
"GEM";"L";"ORI";"R";6.33797;17.4495;6.34161;21.4492
"GEM";"A";"ORI";"B";6.34161;21.4492;6.00834;21.5099
"GEM";"L";"ORI";"R";6.00834;21.5099;6.0096;22.8431
"GEM";"L";"TAU";"R";6.0096;22.8431;6.01474;28.0093
"GEM";"B";"LYN";"A";7.50405;35.2445;7.88598;35.181
"GEM";"R";"LYN";"L";7.88598;35.181;7.88387;33.1812
"GEM";"B";"LYN";"A";7.88387;33.1812;8.13288;33.1415
"GEM";"A";"MON";"B";7.11452;9.80978;7.0479;9.82149
"GEM";"L";"MON";"R";7.0479;9.82149;7.04952;11.8214
"GRU";"L";"MIC";"R";21.4619;-36.4593;21.4695;-44.9589
"GRU";"L";"IND";"R";21.4695;-44.9589;21.4745;-49.4586
"GRU";"A";"IND";"B";21.4745;-49.4586;22.1333;-49.3912
"GRU";"L";"IND";"R";22.1333;-49.3912;22.1409;-56.3908
"GRU";"A";"TUC";"B";22.1409;-56.3908;23.4512;-56.3127
"GRU";"R";"PHE";"L";23.4512;-56.3127;23.4462;-39.3128
"GRU";"R";"SCL";"L";23.4462;-39.3128;23.4456;-36.3128
"GRU";"B";"SCL";"A";23.4456;-36.3128;23.1152;-36.325
"HER";"A";"SER";"B";16.3706;3.70338;16.1873;3.67351
"HER";"L";"SER";"R";16.1873;3.67351;16.1784;15.6728
"HER";"A";"SER";"B";16.1784;15.6728;16.0121;15.6463
"HER";"L";"SER";"R";16.0121;15.6463;16.0074;21.646
"HER";"B";"SER";"A";16.0074;21.646;16.1238;21.6644
"HER";"L";"SER";"R";16.1238;21.6644;16.1204;25.6641
"HER";"A";"LYR";"B";18.2895;47.5476;18.2311;47.537
"HER";"R";"LYR";"L";18.2311;47.537;18.255;30.0392
"HER";"B";"LYR";"A";18.255;30.0392;18.4467;30.074
"HER";"R";"LYR";"L";18.4467;30.074;18.4509;26.0744
"HER";"B";"LYR";"A";18.4509;26.0744;18.9513;26.1641
"HER";"R";"LYR";"L";18.9513;26.1641;18.9518;25.6641
"HER";"R";"VUL";"L";18.9518;25.6641;18.9559;21.2478
"HER";"R";"SGE";"L";18.9559;21.2478;18.9582;18.6647
"HER";"A";"OPH";"B";18.7592;12.1288;18.3469;12.0543
"HER";"L";"OPH";"R";18.3469;12.0543;18.3449;14.3875
"HER";"A";"OPH";"B";18.3449;14.3875;17.3451;14.206
"HER";"R";"OPH";"L";17.3451;14.206;17.3464;12.7062
"HER";"A";"OPH";"B";17.3464;12.7062;16.8468;12.6179
"HER";"R";"OPH";"L";16.8468;12.6179;16.8537;3.78521
"HOR";"R";"DOR";"L";3.89181;-50.6305;3.88792;-52.7968
"HOR";"A";"RET";"B";3.88792;-52.7968;3.55767;-52.7471
"HOR";"R";"RET";"L";3.55767;-52.7471;3.54912;-57.0798
"HOR";"A";"RET";"B";3.54912;-57.0798;3.25274;-57.0378
"HOR";"R";"RET";"L";3.25274;-57.0378;3.22418;-67.0358
"HOR";"A";"HYI";"B";3.22418;-67.0358;2.21349;-66.9152
"HOR";"L";"HYI";"R";2.21349;-66.9152;2.23263;-57.9162
"HYA";"L";"CMI";"R";8.18993;-0.36939;8.19476;6.63024
"HYA";"B";"LEO";"A";9.36028;6.47007;9.69323;6.43277
"HYA";"R";"SEX";"L";9.69323;6.43277;9.68993;-0.567059
"HYA";"R";"SEX";"L";9.68993;-0.567059;9.68468;-11.5668
"HYA";"B";"SEX";"A";9.68468;-11.5668;10.8539;-11.6621
"HYA";"B";"VIR";"A";12.9445;-22.6773;14.3675;-22.5728
"HYA";"R";"LIB";"L";14.3675;-22.5728;14.3689;-25.0727
"HYA";"B";"LIB";"A";14.3689;-25.0727;15.0384;-24.9951
"HYA";"R";"LIB";"L";15.0384;-24.9951;15.0421;-29.9949
"HYA";"A";"CEN";"B";12.3594;-35.6939;11.0986;-35.6747
"HYA";"A";"ANT";"B";9.84531;-24.5836;9.46029;-24.5425
"HYA";"A";"PYX";"B";9.46029;-24.5425;9.17579;-24.5086
"HYA";"L";"PYX";"R";9.17579;-24.5086;9.179;-19.5088
"HYA";"A";"PYX";"B";9.179;-19.5088;8.67757;-19.4424
"HYA";"L";"PYX";"R";8.67757;-19.4424;8.67896;-17.4425
"HYA";"A";"PYX";"B";8.67896;-17.4425;8.46181;-17.4113
"HYA";"L";"PUP";"R";8.46181;-17.4113;8.46599;-11.4116
"HYA";"A";"PUP";"B";8.46599;-11.4116;8.18228;-11.3688
"HYI";"R";"MEN";"L";4.5721;-69.7467;4.5305;-74.7432
"HYI";"A";"MEN";"B";4.5305;-74.7432;3.47172;-74.5741
"HYI";"R";"MEN";"L";3.47172;-74.5741;3.33944;-82.0645
"HYI";"A";"OCT";"B";3.33944;-82.0645;0.102226;-81.804
"HYI";"L";"OCT";"R";0.102226;-81.804;0.10442;-74.304
"HYI";"B";"TUC";"A";0.10442;-74.304;0.822163;-74.3186
"HYI";"R";"TUC";"L";0.822163;-74.3186;0.819694;-75.3185
"HYI";"B";"TUC";"A";0.819694;-75.3185;1.37694;-75.3472
"HYI";"L";"TUC";"R";1.37694;-75.3472;1.41375;-57.8484
"IND";"A";"OCT";"B";21.5457;-74.4545;23.4665;-74.3125
"IND";"R";"TUC";"L";23.4665;-74.3125;23.4574;-66.8126
"IND";"B";"TUC";"A";23.4574;-66.8126;22.1599;-66.89
"IND";"R";"TUC";"L";22.1599;-66.89;22.1409;-56.3908
"IND";"B";"MIC";"A";21.4695;-44.9589;20.4779;-45.09
"IND";"L";"TEL";"R";20.4779;-45.09;20.4972;-56.5886
"IND";"L";"PAV";"R";20.4972;-56.5886;20.5043;-59.5881
"IND";"A";"PAV";"B";20.5043;-59.5881;21.4899;-59.4577
"LAC";"A";"PEG";"B";22.9643;35.1682;22.9139;35.1656
"LAC";"L";"PEG";"R";22.9139;35.1656;22.9138;35.6656
"LAC";"A";"PEG";"B";22.9138;35.6656;22.0906;35.6069
"LAC";"L";"PEG";"R";22.0906;35.6069;22.09;36.6069
"LEO";"L";"SEX";"R";10.8567;-0.662221;10.8584;6.33773
"LEO";"A";"SEX";"B";10.8584;6.33773;9.69323;6.43277
"LEO";"L";"CNC";"R";9.36028;6.47007;9.3764;32.9691
"LEO";"B";"LMI";"A";9.3764;32.9691;10.0056;32.9023
"LEO";"R";"LMI";"L";10.0056;32.9023;10.0028;27.9024
"LEO";"B";"LMI";"A";10.0028;27.9024;10.6159;27.8529
"LEO";"R";"LMI";"L";10.6159;27.8529;10.6141;22.853
"LEO";"B";"LMI";"A";10.6141;22.853;10.8628;22.8376
"LEO";"L";"LMI";"R";10.8628;22.8376;10.8634;24.8376
"LEO";"B";"LMI";"A";10.8634;24.8376;11.1121;24.825
"LEO";"L";"LMI";"R";11.1121;24.825;11.1129;28.325
"LEO";"B";"UMA";"A";11.1129;28.325;11.9739;28.3041
"LEO";"R";"VIR";"L";11.9736;13.3041;11.9736;10.3041
"LEO";"A";"VIR";"B";11.9736;10.3041;11.6244;10.3083
"LEO";"R";"VIR";"L";11.6244;10.3083;11.6234;-0.691698
"LEO";"R";"VIR";"L";11.6234;-0.691698;11.6228;-6.69169
"LEO";"A";"CRT";"B";11.6228;-6.69169;10.8551;-6.66218
"LMI";"L";"LYN";"R";9.3764;32.9691;9.38144;39.2188
"LMI";"B";"LYN";"A";9.38144;39.2188;9.71213;39.1818
"LMI";"L";"LYN";"R";9.71213;39.1818;9.71395;41.4317
"LMI";"B";"UMA";"A";9.71395;41.4317;10.2919;41.3774
"LMI";"R";"UMA";"L";10.2919;41.3774;10.2906;39.3774
"LMI";"B";"UMA";"A";10.2906;39.3774;10.9015;39.3356
"LMI";"R";"UMA";"L";10.9015;39.3356;10.8993;33.3357
"LMI";"B";"UMA";"A";10.8993;33.3357;11.1143;33.325
"LMI";"R";"UMA";"L";11.1143;33.325;11.1129;28.325
"LEP";"R";"CMA";"L";6.1995;-27.2788;6.21438;-11.0302
"LEP";"B";"MON";"A";6.21438;-11.0302;5.93105;-10.9785
"LEP";"B";"ORI";"A";5.93105;-10.9785;5.18133;-10.8432
"LIB";"R";"SER";"L";15.1921;-3.72416;15.1902;-0.474289
"LIB";"B";"VIR";"A";15.1902;-0.474289;14.7735;-0.526939
"LIB";"L";"VIR";"R";14.7735;-0.526939;14.7778;-8.52668
"LIB";"B";"VIR";"A";14.7778;-8.52668;14.3606;-8.57313
"LIB";"L";"VIR";"R";14.3606;-8.57313;14.3675;-22.5728
"LIB";"A";"LUP";"B";15.0421;-29.9949;15.7953;-29.8896
"LIB";"R";"SCO";"L";15.7953;-29.8896;15.7875;-20.3902
"LIB";"A";"SCO";"B";15.7875;-20.3902;16.0381;-20.3516
"LIB";"R";"SCO";"L";16.0381;-20.3516;16.0292;-8.35232
"LIB";"R";"OPH";"L";16.0292;-8.35232;16.0258;-3.60259
"LIB";"B";"SER";"A";16.0258;-3.60259;15.1921;-3.72416
"LUP";"R";"NOR";"L";15.2056;-55.4755;15.2038;-54.4756
"LUP";"A";"NOR";"B";15.2038;-54.4756;15.4902;-54.4364
"LUP";"R";"NOR";"L";15.4902;-54.4364;15.4805;-48.4371
"LUP";"A";"NOR";"B";15.4805;-48.4371;15.8165;-48.388
"LUP";"R";"NOR";"L";15.8165;-48.388;15.8083;-42.3886
"LUP";"A";"NOR";"B";15.8083;-42.3886;16.1435;-42.3367
"LUP";"R";"SCO";"L";16.1435;-42.3367;16.1299;-29.8378
"LUP";"B";"SCO";"A";16.1299;-29.8378;15.7953;-29.8896
"LYN";"L";"CAM";"R";6.27541;55.9658;6.29383;61.9641
"LYN";"B";"UMA";"A";8.14194;59.6434;8.58661;59.576
"LYN";"R";"UMA";"L";8.58661;59.576;8.56267;46.5777
"LYN";"B";"UMA";"A";8.56267;46.5777;9.30605;46.4783
"LYN";"R";"UMA";"L";9.30605;46.4783;9.30083;41.4786
"LYN";"B";"UMA";"A";9.30083;41.4786;9.71395;41.4317
"LYR";"R";"VUL";"L";19.3422;27.7324;19.3441;25.7326
"MEN";"A";"OCT";"B";7.26798;-85.2614;3.21553;-84.5554
"MEN";"L";"OCT";"R";3.21553;-84.5554;3.33944;-82.0645
"MEN";"R";"VOL";"L";6.56363;-70.1041;6.51805;-75.1
"MEN";"B";"VOL";"A";6.51805;-75.1;7.61431;-75.2899
"MEN";"R";"CHA";"L";7.61431;-75.2899;7.44347;-82.7759
"MIC";"R";"PSA";"L";21.4554;-27.4597;21.4619;-36.4593
"MON";"L";"ORI";"R";6.34838;-0.0537102;6.35653;9.94555
"MON";"B";"ORI";"A";6.35653;9.94555;6.42318;9.93345
"MON";"L";"ORI";"R";6.42318;9.93345;6.42485;11.9333
"MON";"B";"GEM";"A";6.42485;11.9333;7.04952;11.8214
"MON";"R";"HYA";"L";8.18993;-0.36939;8.18228;-11.3688
"MON";"A";"PUP";"B";8.18228;-11.3688;7.46489;-11.2521
"MON";"L";"ORI";"R";5.93105;-10.9785;5.93682;-3.97906
"MON";"B";"ORI";"A";5.93682;-3.97906;6.34514;-4.05342
"NOR";"A";"TRA";"B";15.5033;-60.4355;16.6023;-60.2645
"NOR";"R";"SCO";"L";16.5714;-45.7671;16.5663;-42.2675
"NOR";"B";"SCO";"A";16.5663;-42.2675;16.1435;-42.3367
"OCT";"L";"MEN";"R";7.26798;-85.2614;7.44347;-82.7759
"OCT";"B";"PAV";"A";18.2797;-74.9745;21.5457;-74.4545
"OCT";"B";"TUC";"A";23.4665;-74.3125;0.10442;-74.304
"OPH";"L";"SER";"R";16.3735;-0.296377;16.3706;3.70338
"OPH";"B";"HER";"A";16.3706;3.70338;16.8537;3.78521
"OPH";"A";"SER";"B";18.7639;6.37919;18.3516;6.30476
"OPH";"R";"SER";"L";18.3516;6.30476;18.3531;4.55489
"OPH";"B";"SER";"A";18.3531;4.55489;18.5281;4.58662
"OPH";"R";"SER";"L";18.5281;4.58662;18.5293;3.08673
"OPH";"A";"SER";"B";18.5293;3.08673;18.3543;3.055
"OPH";"R";"SER";"L";18.3543;3.055;18.3567;0.0552235
"OPH";"A";"SER";"B";18.3567;0.0552235;17.9401;-0.0206471
"OPH";"R";"SER";"L";17.9401;-0.0206471;17.9433;-4.02035
"OPH";"B";"SER";"A";17.9433;-4.02035;18.0766;-3.99605
"OPH";"R";"SER";"L";18.0766;-3.99605;18.0816;-9.99561
"OPH";"A";"SER";"B";18.0816;-9.99561;17.7816;-10.0502
"OPH";"R";"SER";"L";17.7816;-10.0502;17.783;-11.7168
"OPH";"A";"SER";"B";17.783;-11.7168;17.6996;-11.7319
"OPH";"L";"SER";"R";17.6996;-11.7319;17.6982;-10.0654
"OPH";"A";"SER";"B";17.6982;-10.0654;17.2815;-10.1404
"OPH";"R";"SER";"L";17.2815;-10.1404;17.2865;-16.14
"OPH";"B";"SER";"A";17.2865;-16.14;17.72;-16.0619
"OPH";"R";"SGR";"L";17.72;-16.0619;17.7335;-30.0607
"OPH";"A";"SCO";"B";17.7335;-30.0607;16.8824;-30.2123
"OPH";"L";"SCO";"R";16.8824;-30.2123;16.877;-24.7961
"OPH";"A";"SCO";"B";16.877;-24.7961;16.3928;-24.8781
"OPH";"L";"SCO";"R";16.3928;-24.8781;16.3882;-19.5452
"OPH";"B";"SCO";"A";16.3882;-19.5452;16.4967;-19.5271
"OPH";"L";"SCO";"R";16.4967;-19.5271;16.4959;-18.5272
"OPH";"A";"SCO";"B";16.4959;-18.5272;16.3874;-18.5452
"OPH";"L";"SCO";"R";16.3874;-18.5452;16.3794;-8.29589
"OPH";"A";"SCO";"B";16.3794;-8.29589;16.0292;-8.35232
"OPH";"B";"SER";"A";16.0258;-3.60259;16.3759;-3.54618
"ORI";"L";"TAU";"R";4.72349;0.237501;4.7356;15.7365
"ORI";"B";"TAU";"A";4.7356;15.7365;5.08593;15.6755
"ORI";"L";"TAU";"R";5.08593;15.6755;5.08635;16.1755
"ORI";"B";"TAU";"A";5.08635;16.1755;5.45325;16.1101
"ORI";"R";"TAU";"L";5.45325;16.1101;5.45282;15.6101
"ORI";"B";"TAU";"A";5.45282;15.6101;5.71958;15.5619
"ORI";"R";"TAU";"L";5.71958;15.5619;5.717;12.5622
"ORI";"B";"TAU";"A";5.717;12.5622;5.88369;12.5318
"ORI";"L";"TAU";"R";5.88369;12.5318;5.88848;18.0314
"ORI";"A";"TAU";"B";5.88848;18.0314;5.8218;18.0436
"ORI";"L";"TAU";"R";5.8218;18.0436;5.82625;22.8765
"ORI";"B";"TAU";"A";5.82625;22.8765;6.0096;22.8431
"ORI";"R";"MON";"L";6.34838;-0.0537102;6.34514;-4.05342
"PAV";"R";"IND";"L";21.5457;-74.4545;21.4899;-59.4577
"PAV";"B";"TEL";"A";20.4972;-56.5886;18.1782;-56.9838
"PEG";"B";"VUL";"A";21.1453;20.0046;21.3459;20.0291
"PEG";"L";"VUL";"R";21.3459;20.0291;21.3435;24.0289
"PEG";"B";"VUL";"A";21.3435;24.0289;21.5108;24.0482
"PEG";"L";"VUL";"R";21.5108;24.0482;21.508;28.548
"PEG";"B";"LAC";"A";21.9641;36.5954;22.09;36.6069
"PEG";"B";"AND";"A";22.9643;35.1682;23.6029;35.1913
"PEG";"R";"PSC";"L";0.249328;21.6952;0.248941;13.1952
"PEG";"A";"PSC";"B";0.248941;13.1952;0.106878;13.196
"PEG";"R";"PSC";"L";0.106878;13.196;0.106849;10.696
"PEG";"A";"PSC";"B";0.106849;10.696;23.9398;10.6958
"PEG";"R";"PSC";"L";23.9398;10.6958;23.9399;8.1958
"PEG";"A";"PSC";"B";23.9399;8.1958;22.8548;8.16217
"PEG";"R";"PSC";"L";22.8548;8.16217;22.8561;2.66221
"PER";"L";"TRI";"R";2.84189;31.1865;2.84443;34.5197
"PER";"A";"TRI";"B";2.84443;34.5197;2.69349;34.5375
"PER";"L";"TRI";"R";2.69349;34.5375;2.69564;37.2874
"PER";"A";"TRI";"B";2.69564;37.2874;2.64529;37.2932
"PER";"A";"TAU";"B";4.63246;30.9219;3.49511;31.1004
"PHE";"L";"TUC";"R";23.4512;-56.3127;23.4519;-57.8127
"PHE";"A";"TUC";"B";23.4519;-57.8127;1.41375;-57.8484
"PIC";"B";"COL";"A";6.06345;-43.0058;5.06496;-42.8256
"PIC";"A";"VOL";"B";6.59582;-64.107;6.84689;-64.1519
"PSC";"R";"TRI";"L";1.52649;33.6454;1.52443;28.6454
"PSC";"B";"TRI";"A";1.52443;28.6454;1.78431;28.6263
"PSC";"R";"TRI";"L";1.78431;28.6263;1.78298;25.6263
"PSC";"R";"CET";"L";0.440089;0.69254;0.439514;-6.30746
"PSA";"R";"SCL";"L";23.1152;-36.325;23.1121;-24.825
"PSA";"A";"GRU";"B";21.4619;-36.4593;23.1152;-36.325
"PUP";"L";"PIC";"R";6.06345;-43.0058;6.04993;-50.7546
"PUP";"R";"VEL";"L";8.05745;-51.1026;8.06922;-43.3535
"PUP";"A";"VEL";"B";8.06922;-43.3535;8.43815;-43.4095
"PUP";"R";"VEL";"L";8.43815;-43.4095;8.44519;-37.16
"PUP";"R";"PYX";"L";8.44519;-37.16;8.46181;-17.4113
"PYX";"A";"VEL";"B";9.45144;-37.292;8.44519;-37.16
"RET";"A";"HYI";"B";3.22418;-67.0358;4.58627;-67.2479
"SGE";"B";"VUL";"A";18.9559;21.2478;19.3398;21.3148
"SGE";"R";"VUL";"L";19.3398;21.3148;19.3414;19.3983
"SGE";"B";"VUL";"A";19.3414;19.3983;19.9257;19.4955
"SGE";"L";"VUL";"R";19.9257;19.4955;19.924;21.5787
"SGE";"B";"VUL";"A";19.924;21.5787;20.3417;21.6437
"SGE";"R";"VUL";"L";20.3417;21.6437;20.3423;20.8937
"SGR";"L";"SCT";"R";18.9829;-11.8664;18.9862;-15.8328
"SGR";"B";"SCT";"A";18.9862;-15.8328;18.37;-15.9436
"SGR";"B";"SER";"B";18.37;-15.9436;17.72;-16.0619
"SGR";"A";"SCO";"B";17.7335;-30.0607;17.9669;-30.0182
"SGR";"L";"SCO";"R";17.9669;-30.0182;17.975;-37.0175
"SGR";"A";"TEL";"B";19.318;-45.2776;20.4779;-45.09
"SGR";"R";"MIC";"L";20.4779;-45.09;20.4599;-27.5913
"SCO";"R";"CRA";"L";17.975;-37.0175;17.9873;-45.5163
"SCL";"A";"PHE";"B";1.75672;-39.3726;23.4462;-39.3128
"SCT";"B";"SER";"A";18.6932;-3.88422;18.3599;-3.94448
"SEX";"R";"LEO";"L";10.8567;-0.662221;10.8551;-6.66218
"TAU";"R";"AUR";"L";4.63246;30.9219;4.63179;30.2553
"TAU";"R";"ERI";"L";3.69019;0.403726;3.68904;-1.34619
"TRA";"R";"ARA";"L";16.6023;-60.2645;16.6054;-61.2642
"UMA";"B";"DRA";"A";9.37436;72.9741;11.4641;72.8125
"VIR";"B";"COM";"A";11.9736;13.3041;12.9375;13.3225
"VIR";"R";"SER";"L";15.1854;7.52539;15.1902;-0.474289
"VIR";"L";"CRV";"R";12.9445;-22.6773;12.9422;-11.6774
"SER";"R";"AQL";"L";18.69;0.115489;18.6932;-3.88422
"SER";"R";"SCT";"L";18.3599;-3.94448;18.37;-15.9436
"VUL";"B";"LYR";"A";18.9518;25.6641;19.3441;25.7326
"VUL";"B";"CYG";"A";19.3422;27.7324;19.7515;27.8012
"SER";"L";"BOO";"R";15.1854;7.52539;15.1737;25.5246
"SER";"B";"CRB";"A";15.2733;25.5381;16.1204;25.6641
"SER";"R";"OPH";"L";16.3735;-0.296377;16.3759;-3.54618
